,name,location,price
0,Whiz Prime Hotel Pajajaran Bogor,"Bogor Tengah,    Bogor",Rp 299.455
1,Grand Mulya Bogor,"Sukaraja,    Bogor",Rp 266.175
2,Padjadjaran Suites Resort & Convention,"Bogor Selatan,    Bogor",Rp 330.000
3,Savero Style Bogor,"Bogor Tengah,    Bogor",Rp 309.110
4,Horison Bogor Icon Hotel & Convention,"Tanah Sereal,    Bogor",Rp 326.200
5,Bumi Katulampa - Convention Resort,"Bogor Timur,    Bogor",Rp 337.500
6,Amanuba Hotel & Resort Rancamaya,"Bogor Selatan,    Bogor",Rp 878.696
7,Residence Tanjung Pakuan,"Bogor Tengah,    Bogor",Rp 142.200
8,Hotel Salak The Heritage,"Bogor Tengah,    Bogor",Rp 390.000
9,Bumi Gumati Convention Resort Hotel,"Sukaraja,    Bogor",Rp 242.253
10,RedDoorz Plus near Exit Toll Puncak 2,"Ciawi,    Bogor",Rp 240.825
11,RedDoorz near Exit Toll Sirkuit Sentul,"Sukaraja,    Bogor",Rp 202.703
12,Cozzy Kostel Bogor Managed by Salak Hospitality,"Bogor Tengah,    Bogor",Rp 155.480
13,Hotel D'Anaya,"Bogor Timur,    Bogor",Rp 351.752
14,Bumi Cikeas Resort,"Sukaraja,    Bogor",Rp 168.750
15,RedDoorz Apartment @ Sentul Tower,"Babakan Madang,    Bogor",Rp 220.545
16,RedDoorz Plus @ Batutulis Bogor,"Bogor Selatan,    Bogor",Rp 258.845
17,IZI Hotel,"Bogor Timur,    Bogor",Rp 273.836
18,RedDoorz Syariah near Rumah Sakit Medika Dramaga,"Dramaga,    Bogor",Rp 154.440
19,Poetri Guest House Syariah Near Kebun Raya Bogor,"Bogor Timur,    Bogor",Rp 160.550
20,Fast Hous Syariah Bogor,"Bogor Timur,    Bogor",Rp 139.682
21,RedDoorz Plus near RS PMI Bogor,"Bogor Tengah,    Bogor",Rp 165.475
22,Amaris Hotel Pakuan Bogor,"Bogor Timur,    Bogor",Rp 323.505
23,RedDoorz Syariah @ Ciampea Bogor,"Ciampea,    Bogor",Rp 190.418
24,Kampung Abdi Resort Syariah,"Babakan Madang,    Bogor",Rp 192.400
25,Agria Hotel Bogor,"Bogor Selatan,    Bogor",Rp 345.000
26,RedDoorz near Kebun Raya Bogor,"Bogor Tengah,    Bogor",Rp 162.338
27,Padjadjaran Hotel (FKA Salak Padjadjaran Hotel),"Bogor Utara,    Bogor",Rp 700.000
28,Maminoti Syariah Residence,"Bogor Tengah,    Bogor",Rp 227.572
29,KoolKost Syariah @ Cimahpar Bogor,"Bogor Utara,    Bogor",Rp 177.320
30,none,none,none
31,none,none,none
32,none,none,none
33,none,none,none
34,none,none,none
35,none,none,none
36,none,none,none
37,none,none,none
38,none,none,none
39,none,none,none
40,none,none,none
41,none,none,none
42,none,none,none
43,none,none,none
44,none,none,none
45,none,none,none
46,none,none,none
47,none,none,none
48,none,none,none
49,none,none,none
50,none,none,none
51,none,none,none
52,none,none,none
53,none,none,none
54,none,none,none
55,none,none,none
56,none,none,none
57,none,none,none
58,none,none,none
59,none,none,none
60,none,none,none
61,none,none,none
62,none,none,none
63,none,none,none
64,none,none,none
65,none,none,none
66,none,none,none
67,none,none,none
68,none,none,none
69,none,none,none
70,none,none,none
71,none,none,none
72,none,none,none
73,none,none,none
74,none,none,none
75,none,none,none
76,none,none,none
77,none,none,none
78,none,none,none
79,none,none,none
80,none,none,none
81,none,none,none
82,none,none,none
83,none,none,none
84,none,none,none
85,none,none,none
86,none,none,none
87,none,none,none
88,none,none,none
89,none,none,none
90,none,none,none
91,none,none,none
92,none,none,none
93,none,none,none
94,none,none,none
95,none,none,none
96,none,none,none
97,none,none,none
98,none,none,none
99,none,none,none
100,none,none,none
101,none,none,none
102,none,none,none
103,none,none,none
104,none,none,none
105,none,none,none
106,none,none,none
107,none,none,none
108,none,none,none
109,none,none,none
110,none,none,none
111,none,none,none
112,none,none,none
113,none,none,none
114,none,none,none
115,none,none,none
116,none,none,none
117,none,none,none
118,none,none,none
119,none,none,none
120,none,none,none
121,none,none,none
122,none,none,none
123,none,none,none
124,none,none,none
125,none,none,none
126,none,none,none
127,none,none,none
128,none,none,none
129,none,none,none
130,none,none,none
131,none,none,none
132,none,none,none
133,none,none,none
134,none,none,none
135,none,none,none
136,none,none,none
137,none,none,none
138,none,none,none
139,none,none,none
140,none,none,none
141,none,none,none
142,none,none,none
143,none,none,none
144,none,none,none
145,none,none,none
146,none,none,none
147,none,none,none
148,none,none,none
149,none,none,none
150,none,none,none
151,none,none,none
152,none,none,none
153,none,none,none
154,none,none,none
155,none,none,none
156,none,none,none
157,none,none,none
158,none,none,none
159,none,none,none
160,none,none,none
161,none,none,none
162,none,none,none
163,none,none,none
164,RedDoorz near Botani Square Mall,"Bogor Timur,    Bogor",Rp 183.106
165,RedDoorz Syariah near Taman Air Mancur Bogor,"Tanah Sareal,    Bogor",Rp 204.018
166,Zest Hotel Bogor,"Bogor Tengah,    Bogor",Rp 305.000
167,Bianco Costel,"Bogor Tengah,    Bogor",Rp 270.000
168,RedDoorz Apartment @ Bogor Valley,"Tanah Sereal,    Bogor",Rp 209.029
169,Hotel Permata Bogor,"Bogor Tengah,    Bogor",Rp 317.362
170,Villa Mansari 3,"Cisarua,    Bogor",Rp 1.910.000
171,d'H Mansion La Rosa Syariah Sentul,"Babakan Madang,    Bogor",Rp 211.863
172,OYO 90369 An Nur Family Homestay Syariah,"Cigombong,    Bogor",Rp 138.860
173,Lorin Sentul Hotel,"Babakan Madang,    Bogor",Rp 431.818
174,Bigland Hotel Bogor,"Bogor Tengah,    Bogor",Rp 468.065
175,RedDoorz Plus @ Lodaya Gunung Geulis Puncak,"Sukaraja,    Bogor",Rp 210.473
176,Pesona Wisata Alam Ciparay Endah,"Pamijahan,    Bogor",Rp 125.550
177,RedDoorz near Exit Toll Tanah Baru Bogor,"Bogor Utara,    Bogor",Rp 233.795
178,OLE SUITE HOTEL,"Babakan Madang,    Bogor",Rp 285.000
179,OYO 2233 Bell's Place,"Babakan Madang,    Bogor",Rp 292.831
180,Rizen Padjadjaran Bogor,"Bogor Timur,    Bogor",Rp 380.000
181,Papaho Hotel,"Bogor Utara,    Bogor",Rp 236.842
182,RedDoorz Syariah near RSUD Kota Bogor,"Bogor Barat,    Bogor",Rp 242.888
183,Amaris Hotel Padjajaran,"Bogor Tengah,    Bogor",Rp 356.914
184,Nusalink Near Universitas Pakuan,"Bogor Tengah,    Bogor",Rp 158.000
185,OYO 1948 Apartement Sentul Tower,"Babakan Madang,    Bogor",Rp 244.722
186,RedDoorz Premium @ Fafa Hills Resort Puncak,"Sukaraja,    Bogor",Rp 547.200
187,KoolKost Syariah near Jalan Pajajaran Bogor,"Bogor Tengah,    Bogor",Rp 256.500
188,Reddoorz @ Sindangbarang Bogor,"Bogor Barat,    Bogor",Rp 229.425
189,Skyland Sentul Tower Apartment,"Babakan Madang,    Bogor",Rp 198.016
190,RedDoorz near Sirkuit Sentul,"Babakan Madang,    Bogor",Rp 270.000
191,Camp Curug Batu Gede Cisuren,"Cisarua,    Bogor",Rp 250.000
192,Braja Mustika Hotel Bogor,"Bogor Barat,    Bogor",Rp 443.295
193,REVIVE Bogor Pendopo 45 Resort,"Kemang,    Bogor",Rp 209.261
194,none,none,none
195,none,none,none
196,none,none,none
197,none,none,none
198,none,none,none
199,none,none,none
200,none,none,none
201,none,none,none
202,none,none,none
203,none,none,none
204,none,none,none
205,none,none,none
206,none,none,none
207,none,none,none
208,none,none,none
209,none,none,none
210,none,none,none
211,none,none,none
212,none,none,none
213,none,none,none
214,none,none,none
215,none,none,none
216,none,none,none
217,none,none,none
218,none,none,none
219,none,none,none
220,none,none,none
221,none,none,none
222,none,none,none
223,none,none,none
224,none,none,none
225,none,none,none
226,none,none,none
227,none,none,none
228,none,none,none
229,none,none,none
230,none,none,none
231,none,none,none
232,none,none,none
233,none,none,none
234,none,none,none
235,none,none,none
236,none,none,none
237,none,none,none
238,none,none,none
239,none,none,none
240,none,none,none
241,none,none,none
242,none,none,none
243,none,none,none
244,none,none,none
245,none,none,none
246,none,none,none
247,none,none,none
248,none,none,none
249,none,none,none
250,none,none,none
251,none,none,none
252,none,none,none
253,none,none,none
254,none,none,none
255,none,none,none
256,none,none,none
257,none,none,none
258,none,none,none
259,none,none,none
260,none,none,none
261,none,none,none
262,none,none,none
263,none,none,none
264,none,none,none
265,none,none,none
266,none,none,none
267,none,none,none
268,none,none,none
269,none,none,none
270,none,none,none
271,none,none,none
272,none,none,none
273,none,none,none
274,none,none,none
275,none,none,none
276,none,none,none
277,none,none,none
278,none,none,none
279,none,none,none
280,none,none,none
281,none,none,none
282,none,none,none
283,none,none,none
284,none,none,none
285,none,none,none
286,none,none,none
287,none,none,none
288,none,none,none
289,none,none,none
290,none,none,none
291,none,none,none
292,none,none,none
293,none,none,none
294,none,none,none
295,none,none,none
296,none,none,none
297,none,none,none
298,none,none,none
299,none,none,none
300,none,none,none
301,none,none,none
302,none,none,none
303,none,none,none
304,none,none,none
305,none,none,none
306,none,none,none
307,none,none,none
308,none,none,none
309,none,none,none
310,none,none,none
311,none,none,none
312,none,none,none
313,none,none,none
314,none,none,none
315,none,none,none
316,none,none,none
317,none,none,none
318,none,none,none
319,none,none,none
320,none,none,none
321,none,none,none
322,none,none,none
323,none,none,none
324,none,none,none
325,none,none,none
326,none,none,none
327,none,none,none
328,Belva Huis,"Bogor Tengah,    Bogor",Rp 227.970
329,Bakom Inn,"Bogor Selatan,    Bogor",Rp 228.000
330,Bogor Valley Hotel,"Tanah Sereal,    Bogor",Rp 348.480
331,RedDoorz Syariah near Exit Toll Ciawi,"Bogor Selatan,    Bogor",Rp 187.298
332,Seruni Hotel Gunung Salak,"Cisarua,    Bogor",Rp 1.050.000
333,Channel Stay @ Bogor Icon Apartment,"Tanah Sereal,    Bogor",Rp 299.280
334,RedDoorz Plus near Jalan Baru Bogor,"Tanah Sereal,    Bogor",Rp 196.332
335,RedDoorz near Istana Bogor,"Bogor Tengah,    Bogor",Rp 200.498
336,Papyrus Tropical Hotel,"Tanah Sereal,    Bogor",Rp 329.800
337,Ole Suites Cottage,"Babakan Madang,    Bogor",Rp 280.000
338,Aston Sentul Lake Resort & Conference Center,"Babakan Madang,    Bogor",Rp 1.397.745
339,Space Hotel,"Bogor Timur,    Bogor",Rp 237.042
340,favehotel Padjajaran Bogor,"Bogor Tengah,    Bogor",Rp 322.780
341,Camp Hulu Cai,"Ciawi,    Bogor",Rp 266.000
342,OYO 580 Losmen Cikuda,"Cileungsi,    Bogor",Rp 389.017
343,RedDoorz near IPB Dramaga Bogor,"Bogor Barat,    Bogor",Rp 360.525
344,RedDoorz near Kebun Raya Bogor 2,"Bogor Tengah,    Bogor",Rp 223.250
345,Pemda 22 Mansion,"Bogor Utara,    Bogor",Rp 185.674
346,RedDoorz @ Pandu Raya Bogor,"Bogor Utara,    Bogor",Rp 219.938
347,Olivia Residence Syariah,"Cileungsi,    Bogor",Rp 118.085
348,Horison Green Forest Bogor,"Bogor Selatan,    Bogor",Rp 450.000
349,Hotel & Resort Degung Hillside,"Ciawi,    Bogor",Rp 243.337
350,Ombey Guest House,"Cibinong,    Bogor",Rp 272.694
351,Algira Guest House Syariah,"Bogor Barat,    Bogor",Rp 164.192
352,Grand Savero Hotel Bogor,"Bogor Tengah,    Bogor",Rp 455.939
353,Aqilakost Rooms,"Ciawi,    Bogor",Rp 228.000
354,OYO 1383 Taman Cibinong 2,"Cibinong,    Bogor",Rp 310.321
355,KoolKost Syariah near Villa Nusa Indah,"Gunung Putri,    Bogor",Rp 208.478
356,D' Palma Guesthouse by Dadistay,"Bogor Tengah,    Bogor",Rp 184.500
357,Caramel Homestay,"Cibinong,    Bogor",Rp 1.164.000
358,none,none,none
359,none,none,none
360,none,none,none
361,none,none,none
362,none,none,none
363,none,none,none
364,none,none,none
365,none,none,none
366,none,none,none
367,none,none,none
368,none,none,none
369,none,none,none
370,none,none,none
371,none,none,none
372,none,none,none
373,none,none,none
374,none,none,none
375,none,none,none
376,none,none,none
377,none,none,none
378,none,none,none
379,none,none,none
380,none,none,none
381,none,none,none
382,none,none,none
383,none,none,none
384,none,none,none
385,none,none,none
386,none,none,none
387,none,none,none
388,none,none,none
389,none,none,none
390,none,none,none
391,none,none,none
392,none,none,none
393,none,none,none
394,none,none,none
395,none,none,none
396,none,none,none
397,none,none,none
398,none,none,none
399,none,none,none
400,none,none,none
401,none,none,none
402,none,none,none
403,none,none,none
404,none,none,none
405,none,none,none
406,none,none,none
407,none,none,none
408,none,none,none
409,none,none,none
410,none,none,none
411,none,none,none
412,none,none,none
413,none,none,none
414,none,none,none
415,none,none,none
416,none,none,none
417,none,none,none
418,none,none,none
419,none,none,none
420,none,none,none
421,none,none,none
422,none,none,none
423,none,none,none
424,none,none,none
425,none,none,none
426,none,none,none
427,none,none,none
428,none,none,none
429,none,none,none
430,none,none,none
431,none,none,none
432,none,none,none
433,none,none,none
434,none,none,none
435,none,none,none
436,none,none,none
437,none,none,none
438,none,none,none
439,none,none,none
440,none,none,none
441,none,none,none
442,none,none,none
443,none,none,none
444,none,none,none
445,none,none,none
446,none,none,none
447,none,none,none
448,none,none,none
449,none,none,none
450,none,none,none
451,none,none,none
452,none,none,none
453,none,none,none
454,none,none,none
455,none,none,none
456,none,none,none
457,none,none,none
458,none,none,none
459,none,none,none
460,none,none,none
461,none,none,none
462,none,none,none
463,none,none,none
464,none,none,none
465,none,none,none
466,none,none,none
467,none,none,none
468,none,none,none
469,none,none,none
470,none,none,none
471,none,none,none
472,none,none,none
473,none,none,none
474,none,none,none
475,none,none,none
476,none,none,none
477,none,none,none
478,none,none,none
479,none,none,none
480,none,none,none
481,none,none,none
482,none,none,none
483,none,none,none
484,none,none,none
485,none,none,none
486,none,none,none
487,none,none,none
488,none,none,none
489,none,none,none
490,none,none,none
491,none,none,none
492,KoolKost @ Batutulis Bogor,"Bogor Selatan,    Bogor",Rp 185.250
493,The Alana Hotel & Conference Sentul City by ASTON,"Babakan Madang,    Bogor",Rp 1.327.406
494,Mason Residence Syariah Ciawi,"Ciawi,    Bogor",Rp 142.500
495,Rumah Kuning Syariah,"Tanah Sareal,    Bogor",Rp 156.750
496,Amaroossa Royal Bogor,"Bogor Timur,    Bogor",Rp 425.000
497,Hotel Ririn,"Bogor Timur,    Bogor",Rp 268.175
498,Royal Padjadjaran Hotel,"Bogor Tengah,    Bogor",Rp 401.032
499,Hotel Semeru,"Bogor Barat,    Bogor",Rp 259.726
500,ibis Styles Bogor Raya,"Sukaraja,    Bogor",Rp 563.541
501,The Pinewood Lodge & Organic Farm,"Cisarua,    Bogor",Rp 315.000
502,Citrus-house,"Bogor Timur,    Bogor",Rp 285.000
503,Arch Hotel Bogor,"Bogor Utara,    Bogor",Rp 400.000
504,Leuweung Geledegan Ecolodge,"Taman Sari,    Bogor",Rp 1.274.000
505,KoolKost near Taman Budaya Sentul,"Babakan Madang,    Bogor",Rp 173.259
506,Hotel Santika Bogor,"Bogor Tengah,    Bogor",Rp 625.600
507,The Aquina House,"Bogor Timur,    Bogor",Rp 208.320
508,Rukun Resort Sentul,"Babakan Madang,    Bogor",Rp 522.500
509,THE 1O1 Bogor Suryakancana,"Bogor Tengah,    Bogor",Rp 499.999
510,Swiss-Belinn Bogor,"Bogor Timur,    Bogor",Rp 540.000
511,Aston Bogor Hotel,"Bogor Selatan,    Bogor",Rp 793.811
512,Hotel Royal Bogor,"Bogor Tengah,    Bogor",Rp 404.200
513,OYO 1516 Cemara Gading Syariah,"Dramaga,    Bogor",Rp 168.298
514,The Mirah Bogor,"Bogor Tengah,    Bogor",Rp 321.176
515,Delta Inn Bogor,"Bogor Timur,    Bogor",Rp 108.836
516,RedDoorz Apartment @ Dramaga Tower,"Ciampea,    Bogor",Rp 218.279
517,Ken Raudhah Inn,"Cisarua,    Bogor",Rp 197.925
518,Hotel Neo+ Green Savana by ASTON,"Babakan Madang,    Bogor",Rp 704.365
519,Applewood,"Bogor Utara,    Bogor",Rp 225.000
520,Seruni Hotel Hobbit House,"Cisarua,    Bogor",Rp 1.170.000
521,Bayak Hotel Bumdes Cipayung & Resort,"Cisarua,    Bogor",Rp 172.000
522,none,none,none
523,none,none,none
524,none,none,none
525,none,none,none
526,none,none,none
527,none,none,none
528,none,none,none
529,none,none,none
530,none,none,none
531,none,none,none
532,none,none,none
533,none,none,none
534,none,none,none
535,none,none,none
536,none,none,none
537,none,none,none
538,none,none,none
539,none,none,none
540,none,none,none
541,none,none,none
542,none,none,none
543,none,none,none
544,none,none,none
545,none,none,none
546,none,none,none
547,none,none,none
548,none,none,none
549,none,none,none
550,none,none,none
551,none,none,none
552,none,none,none
553,none,none,none
554,none,none,none
555,none,none,none
556,none,none,none
557,none,none,none
558,none,none,none
559,none,none,none
560,none,none,none
561,none,none,none
562,none,none,none
563,none,none,none
564,none,none,none
565,none,none,none
566,none,none,none
567,none,none,none
568,none,none,none
569,none,none,none
570,none,none,none
571,none,none,none
572,none,none,none
573,none,none,none
574,none,none,none
575,none,none,none
576,none,none,none
577,none,none,none
578,none,none,none
579,none,none,none
580,none,none,none
581,none,none,none
582,none,none,none
583,none,none,none
584,none,none,none
585,none,none,none
586,none,none,none
587,none,none,none
588,none,none,none
589,none,none,none
590,none,none,none
591,none,none,none
592,none,none,none
593,none,none,none
594,none,none,none
595,none,none,none
596,none,none,none
597,none,none,none
598,none,none,none
599,none,none,none
600,none,none,none
601,none,none,none
602,none,none,none
603,none,none,none
604,none,none,none
605,none,none,none
606,none,none,none
607,none,none,none
608,none,none,none
609,none,none,none
610,none,none,none
611,none,none,none
612,none,none,none
613,none,none,none
614,none,none,none
615,none,none,none
616,none,none,none
617,none,none,none
618,none,none,none
619,none,none,none
620,none,none,none
621,none,none,none
622,none,none,none
623,none,none,none
624,none,none,none
625,none,none,none
626,none,none,none
627,none,none,none
628,none,none,none
629,none,none,none
630,none,none,none
631,none,none,none
632,none,none,none
633,none,none,none
634,none,none,none
635,none,none,none
636,none,none,none
637,none,none,none
638,none,none,none
639,none,none,none
640,none,none,none
641,none,none,none
642,none,none,none
643,none,none,none
644,none,none,none
645,none,none,none
646,none,none,none
647,none,none,none
648,none,none,none
649,none,none,none
650,none,none,none
651,none,none,none
652,none,none,none
653,none,none,none
654,none,none,none
655,none,none,none
656,HARRIS Hotel Sentul City,"Babakan Madang,    Bogor",Rp 710.000
657,Citrus-house.com Hotel,"Bogor Timur,    Bogor",Rp 281.525
658,RedDoorz Premium @ Hotel Green Wattana Sentul,"Babakan Madang,    Bogor",Rp 308.750
659,Horison Ultima Bhuvana Ciawi,"Ciawi,    Bogor",Rp 550.000
660,La Rengganis Guest House,"Bogor Timur,    Bogor",Rp 244.150
661,RedDoorz Plus near Pasar Anyar Bogor,"Bogor Tengah,    Bogor",Rp 204.000
662,OYO 1640 Fallinda Hotel,"Cibinong,    Bogor",Rp 299.208
663,OYO 90037 Rumah Verde,"Bogor Timur,    Bogor",Rp 270.761
664,OYO 3148 Sofia Homestay Syariah,"Dramaga,    Bogor",Rp 167.966
665,Green Forest Bogor Resort & Villa,"Bogor Selatan,    Bogor",Rp 360.000
666,Swiss-Belhotel Bogor,"Bogor Tengah,    Bogor",Rp 464.400
667,The Sahira Hotel (Syariah),"Tanah Sereal,    Bogor",Rp 693.500
668,The Highland Park Resort Hotel Bogor,"Tamansari,    Bogor",Rp 1.383.000
669,OYO 883 Pavo Resort,"Babakan Madang,    Bogor",Rp 213.378
670,Salak Express Hotel Martadinata by Salak Hospitality,"Tanah Sereal,    Bogor",Rp 213.750
671,Villa Faher,"Bogor Tengah,    Bogor",Rp 2.000.000
672,New Green Valley,"Cisarua,    Bogor",Rp 179.999
673,Villa Top View,"Cisarua,    Bogor",Rp 1.244.600
674,Hotel Grand Orri,"Citeureup,    Bogor",Rp 427.500
675,SPOT ON 1055 Sakura Homestay Syariah,"Cileungsi,    Bogor",Rp 100.369
676,Hotel Bamboo,"Tanah Sareal,    Bogor",Rp 209.000
677,Albero Hotel,"Caringin,    Bogor",Rp 450.300
678,Salak Hevea Managed by SalakHospitality,"Bogor Tengah,    Bogor",Rp 220.000
679,Hotel Rudian,"Cisarua,    Bogor",Rp 180.000
680,"Edensor Hills Villa, Resort & Cafe","Sentul,    Bogor",Rp 630.000
681,R Hotel Rancamaya,"Bogor Selatan,    Bogor",Rp 1.492.838
682,IPB Hotel Botani Square,"Bogor Tengah,    Bogor",Rp 334.711
683,Terrace Villa Golf,"Cisarua,    Bogor",Rp 294.000
684,Novotel Bogor Golf Resort & Convention Center,"Sukaraja,    Bogor",Rp 914.998
685,Pesona Anggraini Hotel,"Cisarua,    Bogor",Rp 225.000
686,none,none,none
687,none,none,none
688,none,none,none
689,none,none,none
690,none,none,none
691,none,none,none
692,none,none,none
693,none,none,none
694,none,none,none
695,none,none,none
696,none,none,none
697,none,none,none
698,none,none,none
699,none,none,none
700,none,none,none
701,none,none,none
702,none,none,none
703,none,none,none
704,none,none,none
705,none,none,none
706,none,none,none
707,none,none,none
708,none,none,none
709,none,none,none
710,none,none,none
711,none,none,none
712,none,none,none
713,none,none,none
714,none,none,none
715,none,none,none
716,none,none,none
717,none,none,none
718,none,none,none
719,none,none,none
720,none,none,none
721,none,none,none
722,none,none,none
723,none,none,none
724,none,none,none
725,none,none,none
726,none,none,none
727,none,none,none
728,none,none,none
729,none,none,none
730,none,none,none
731,none,none,none
732,none,none,none
733,none,none,none
734,none,none,none
735,none,none,none
736,none,none,none
737,none,none,none
738,none,none,none
739,none,none,none
740,none,none,none
741,none,none,none
742,none,none,none
743,none,none,none
744,none,none,none
745,none,none,none
746,none,none,none
747,none,none,none
748,none,none,none
749,none,none,none
750,none,none,none
751,none,none,none
752,none,none,none
753,none,none,none
754,none,none,none
755,none,none,none
756,none,none,none
757,none,none,none
758,none,none,none
759,none,none,none
760,none,none,none
761,none,none,none
762,none,none,none
763,none,none,none
764,none,none,none
765,none,none,none
766,none,none,none
767,none,none,none
768,none,none,none
769,none,none,none
770,none,none,none
771,none,none,none
772,none,none,none
773,none,none,none
774,none,none,none
775,none,none,none
776,none,none,none
777,none,none,none
778,none,none,none
779,none,none,none
780,none,none,none
781,none,none,none
782,none,none,none
783,none,none,none
784,none,none,none
785,none,none,none
786,none,none,none
787,none,none,none
788,none,none,none
789,none,none,none
790,none,none,none
791,none,none,none
792,none,none,none
793,none,none,none
794,none,none,none
795,none,none,none
796,none,none,none
797,none,none,none
798,none,none,none
799,none,none,none
800,none,none,none
801,none,none,none
802,none,none,none
803,none,none,none
804,none,none,none
805,none,none,none
806,none,none,none
807,none,none,none
808,none,none,none
809,none,none,none
810,none,none,none
811,none,none,none
812,none,none,none
813,none,none,none
814,none,none,none
815,none,none,none
816,none,none,none
817,none,none,none
818,none,none,none
819,none,none,none
820,Sahira Butik Hotel (Syariah),"Bogor Tengah,    Bogor",Rp 332.025
821,Hostel Bogor,"Bogor Utara,    Bogor",Rp 113.050
822,Sahira Butik Hotel Pakuan Syariah,"Bogor Timur,    Bogor",Rp 407.400
823,Onih Hotel,"Bogor Tengah,    Bogor",Rp 800.000
824,Kost Carmelia Baranangsiang,"Bogor Selatan,    Bogor",Rp 104.500
825,Amaryllis Boutique Resort,"Cisarua,    Bogor",Rp 2.643.850
826,Villa Al Jud,"Cisarua,    Bogor",Rp 225.000
827,Jambuluwuk Convention Hall & Resort Puncak,"Ciawi,    Bogor",Rp 3.147.443
828,Skyland Bogor Valley Apartments,"Tanah Sareal,    Bogor",Rp 193.800
829,Bukarooms at Apartement Bogor Valley Smart Studio,"Tanah Sareal,    Bogor",Rp 388.200
830,New Ayuda Hotel Bogor,"Bogor Tengah,    Bogor",Rp 308.750
831,Gunung Geulis Cottages Managed by Royal Tulip,"Sukaraja,    Bogor",Rp 380.000
832,Sentul 75 Guesthouse,"Sentul,    Bogor",Rp 137.349
833,Apartemen Bogor Valley by Amel,"Tanah Sareal,    Bogor",Rp 242.500
834,Lido Lake Resort By MNC Hotel,"Cigombong,    Bogor",Rp 1.477.500
835,The Salak Residence Inn by Salak Hospitality,"Padjajaran,    Bogor",Rp 250.000
836,Gio Guesthouse near Terminal Baranangsiang,"Bogor Timur,    Bogor",Rp 149.000
837,SPOT ON 3858 Elsana Transit Hotel,"Bogor Tengah,    Bogor",Rp 157.361
838,Grand Pesona Ksatria Hotel & Convention 2,"Cisarua,    Bogor",Rp 266.000
839,Adiroso Managed by Sahid,"Pamijahan,    Bogor",Rp 243.200
840,BRIA Hotel & Convention,"Cisarua,    Bogor",Rp 340.100
841,Tirta Arsanta Hot Springs & Villa,"Babakan Madang,    Bogor",Rp 1.571.400
842,"The Paseban, Kampung Budaya Sunda","Cisarua,    Bogor",Rp 346.500
843,Villa Bukit Pinus,"Caringin,    Bogor",Rp 507.293
844,The Anty Resort,"Cisarua,    Bogor",Rp 400.000
845,Villa Buyung,"Cisarua,    Bogor",Rp 1.650.000
846,Skyview Sentul Tower Apartments Bogor,"Babakan Madang,    Bogor",Rp 186.675
847,Bungalow Galunggung near Taman Safari,"Cisarua,    Bogor",Rp 1.261.000
848,Bukarooms at Apartement Bogor Valley Fancy Studio,"Tanah Sareal,    Bogor",Rp 237.500
849,Green Wattana Hotel,"Sentul,    Bogor",Rp 543.200
850,none,none,none
851,none,none,none
852,none,none,none
853,none,none,none
854,none,none,none
855,none,none,none
856,none,none,none
857,none,none,none
858,none,none,none
859,none,none,none
860,none,none,none
861,none,none,none
862,none,none,none
863,none,none,none
864,none,none,none
865,none,none,none
866,none,none,none
867,none,none,none
868,none,none,none
869,none,none,none
870,none,none,none
871,none,none,none
872,none,none,none
873,none,none,none
874,none,none,none
875,none,none,none
876,none,none,none
877,none,none,none
878,none,none,none
879,none,none,none
880,none,none,none
881,none,none,none
882,none,none,none
883,none,none,none
884,none,none,none
885,none,none,none
886,none,none,none
887,none,none,none
888,none,none,none
889,none,none,none
890,none,none,none
891,none,none,none
892,none,none,none
893,none,none,none
894,none,none,none
895,none,none,none
896,none,none,none
897,none,none,none
898,none,none,none
899,none,none,none
900,none,none,none
901,none,none,none
902,none,none,none
903,none,none,none
904,none,none,none
905,none,none,none
906,none,none,none
907,none,none,none
908,none,none,none
909,none,none,none
910,none,none,none
911,none,none,none
912,none,none,none
913,none,none,none
914,none,none,none
915,none,none,none
916,none,none,none
917,none,none,none
918,none,none,none
919,none,none,none
920,none,none,none
921,none,none,none
922,none,none,none
923,none,none,none
924,none,none,none
925,none,none,none
926,none,none,none
927,none,none,none
928,none,none,none
929,none,none,none
930,none,none,none
931,none,none,none
932,none,none,none
933,none,none,none
934,none,none,none
935,none,none,none
936,none,none,none
937,none,none,none
938,none,none,none
939,none,none,none
940,none,none,none
941,none,none,none
942,none,none,none
943,none,none,none
944,none,none,none
945,none,none,none
946,none,none,none
947,none,none,none
948,none,none,none
949,none,none,none
950,none,none,none
951,none,none,none
952,none,none,none
953,none,none,none
954,none,none,none
955,none,none,none
956,none,none,none
957,none,none,none
958,none,none,none
959,none,none,none
960,none,none,none
961,none,none,none
962,none,none,none
963,none,none,none
964,none,none,none
965,none,none,none
966,none,none,none
967,none,none,none
968,none,none,none
969,none,none,none
970,none,none,none
971,none,none,none
972,none,none,none
973,none,none,none
974,none,none,none
975,none,none,none
976,none,none,none
977,none,none,none
978,none,none,none
979,none,none,none
980,none,none,none
981,none,none,none
982,none,none,none
983,none,none,none
984,Cakrawala Nuansa Nirwana,"Ciampea,    Bogor",Rp 380.000
985,Wisma Pakuan Syariah Hotel,"Bogor Timur,    Bogor",Rp 205.800
986,Bukarooms at Apartement Bogor Valley Type 2 Bedroom,"Tanah Sareal,    Bogor",Rp 399.999
987,Family Room near Kebun Raya Bogor at William House (WI3),"Bogor Tengah,    Bogor",Rp 387.100
988,Herman Lantang Camp,"Ciapus,    Bogor",Rp 450.000
989,Bu Sur Homestay,"Cibinong,    Bogor",Rp 250.000
990,Hotel Purimira,"Tajur,    Bogor",Rp 455.700
991,Villa Sri Megamendung Puncak,"Cisarua,    Bogor",Rp 286.145
992,Villa SAMARA with 4 Bedroom and 2 Bungalow and Private Pool,"Pamijahan,    Bogor",Rp 3.850.000
993,Reva Room on Gunung Putri Square Apartment,"Gunung Putri,    Bogor",Rp 375.316
994,SPOT ON 3311 Fai Bogor Backpacker Syariah,"Bogor Utara,    Bogor",Rp 127.717
995,Kampung Istal,"Tenjolaya,    Bogor",Rp 350.513
996,Tanameera Guest House,"Bogor Selatan,    Bogor",Rp 225.040
997,Villa ARRA with 2 Bedroom By RuangNyaman,"Pamijahan,    Bogor",Rp 740.838
998,Villa Memory By RuangNyaman,"Pamijahan,    Bogor",Rp 2.900.000
999,Bogor Valley Apartemen By Riri,"Tanah Sereal,    Bogor",Rp 469.984
1000,Villa Putih with 2 Bedroom By RuangNyaman,"Pamijahan,    Bogor",Rp 1.500.000
1001,OYO 3965 Syariah Graha Kartika,"Bojonggede,    Bogor",Rp 186.212
1002,Villa Amara with 2 Bedroom and Private Pool By RuangNyaman,"Pamijahan,    Bogor",Rp 2.750.000
1003,Villa Lisandsa with 3 Bedroom By RuangNyaman,"Pamijahan,    Bogor",Rp 3.200.000
1004,Elsana Transit Hotel Syariah,"Bogor Tengah,    Bogor",Rp 156.174
1005,Andaru Homestay Cibubur Syariah,"Gunung Putri,    Bogor",Rp 388.000
1006,Villa Nirwana with 3 Bedroom By RuangNyaman,"Pamijahan,    Bogor",Rp 1.900.000
1007,Nusalink Villa Sawah Near Bogor,"Ciawi,    Bogor",Rp 601.788
1008,Neo Akshaya Vila and Camping Ground,"Taman Sari,    Bogor",Rp 502.770
1009,Room Rendi @ Apt Dramaga Tower,"Ciampea,    Bogor",Rp 318.174
1010,Villa Pondok Endah with 4 Bedroom By RuangNyaman,"Pamijahan,    Bogor",Rp 2.100.000
1011,OYO 3317 Maju Jaya Homestay Syariah,"Bogor Selatan,    Bogor",Rp 193.964
1012,Eleven Guest House Syariah,"Bogor Utara,    Bogor",Rp 236.250
1013,Villa Yosky,"Bogor Barat,    Bogor",Rp 1.129.412
1014,none,none,none
1015,none,none,none
1016,none,none,none
1017,none,none,none
1018,none,none,none
1019,none,none,none
1020,none,none,none
1021,none,none,none
1022,none,none,none
1023,none,none,none
1024,none,none,none
1025,none,none,none
1026,none,none,none
1027,none,none,none
1028,none,none,none
1029,none,none,none
1030,none,none,none
1031,none,none,none
1032,none,none,none
1033,none,none,none
1034,none,none,none
1035,none,none,none
1036,none,none,none
1037,none,none,none
1038,none,none,none
1039,none,none,none
1040,none,none,none
1041,none,none,none
1042,none,none,none
1043,none,none,none
1044,none,none,none
1045,none,none,none
1046,none,none,none
1047,none,none,none
1048,none,none,none
1049,none,none,none
1050,none,none,none
1051,none,none,none
1052,none,none,none
1053,none,none,none
1054,none,none,none
1055,none,none,none
1056,none,none,none
1057,none,none,none
1058,none,none,none
1059,none,none,none
1060,none,none,none
1061,none,none,none
1062,none,none,none
1063,none,none,none
1064,none,none,none
1065,none,none,none
1066,none,none,none
1067,none,none,none
1068,none,none,none
1069,none,none,none
1070,none,none,none
1071,none,none,none
1072,none,none,none
1073,none,none,none
1074,none,none,none
1075,none,none,none
1076,none,none,none
1077,none,none,none
1078,none,none,none
1079,none,none,none
1080,none,none,none
1081,none,none,none
1082,none,none,none
1083,none,none,none
1084,none,none,none
1085,none,none,none
1086,none,none,none
1087,none,none,none
1088,none,none,none
1089,none,none,none
1090,none,none,none
1091,none,none,none
1092,none,none,none
1093,none,none,none
1094,none,none,none
1095,none,none,none
1096,none,none,none
1097,none,none,none
1098,none,none,none
1099,none,none,none
1100,none,none,none
1101,none,none,none
1102,none,none,none
1103,none,none,none
1104,none,none,none
1105,none,none,none
1106,none,none,none
1107,none,none,none
1108,none,none,none
1109,none,none,none
1110,none,none,none
1111,none,none,none
1112,none,none,none
1113,none,none,none
1114,none,none,none
1115,none,none,none
1116,none,none,none
1117,none,none,none
1118,none,none,none
1119,none,none,none
1120,none,none,none
1121,none,none,none
1122,none,none,none
1123,none,none,none
1124,none,none,none
1125,none,none,none
1126,none,none,none
1127,none,none,none
1128,none,none,none
1129,none,none,none
1130,none,none,none
1131,none,none,none
1132,none,none,none
1133,none,none,none
1134,none,none,none
1135,none,none,none
1136,none,none,none
1137,none,none,none
1138,none,none,none
1139,none,none,none
1140,none,none,none
1141,none,none,none
1142,none,none,none
1143,none,none,none
1144,none,none,none
1145,none,none,none
1146,none,none,none
1147,none,none,none
1148,Nirwana Highland @ Sentul City,"Babakan Madang,    Bogor",Rp 1.092.500
1149,Villa Atalarik with 2 Bedroom By RuangNyaman,"Pamijahan,    Bogor",Rp 1.400.000
1150,Nyaman Townhouse & Apartment,"Padjajaran,    Bogor",Rp 582.000
1151,Villa Happy Puncak,"Cisarua,    Bogor",Rp 3.000.000
1152,Kota Bunga AA,"Cibodas,    Bogor",Rp 1.474.445
1153,NAZ Hotel Bogor,"Bogor Tengah,    Bogor",Rp 261.000
1154,Sentul City Highland Villa,"Sentul,    Bogor",Rp 1.149.500
1155,D'Kiarahouse Privat Villa,"Ciapus,    Bogor",Rp 489.456
1156,Villa Bedeng Bogor,"Pamijahan,    Bogor",Rp 2.750.000
1157,Villa Cisarua,"Cisarua,    Bogor",Rp 4.850.000
1158,Villa Elbe Cisarua Puncak,"Cisarua,    Bogor",Rp 1.455.000
1159,New Green Sentul Resort & Hotel,"Sentul,    Bogor",Rp 893.000
1160,Taman Bukit Palem Resort,"Caringin,    Bogor",Rp 823.200
1161,LITEROOMS VILLA ATIKA,"Ciawi,    Bogor",Rp 3.000.000
1162,Griya Inkoppabri Cisarua,"Cisarua,    Bogor",Rp 1.500.000
1163,Griya Palayu Guest House,"Bogor Utara,    Bogor",Rp 181.300
1164,Hotel Sri Indrawati,"Cisarua,    Bogor",Rp 190.753
1165,The Garden Syariah Hotel,"Ciawi,    Bogor",Rp 400.000
1166,De One Heritage Village,"Cisarua,    Bogor",Rp 800.000
1167,Villa Alnouras,"Cisarua,    Bogor",Rp 1.500.000
1168,Villa Kebun Akung,"Tanah Sareal,    Bogor",Rp 2.750.000
1169,Villa Omah Joerank,"Sukaraja,    Bogor",Rp 2.500.000
1170,Villa Petir,"Dramaga,    Bogor",Rp 1.405.358
1171,Apartement bogor valley (RRA1),"Tanah Sareal,    Bogor",Rp 588.000
1172,Al Greff Villa Puncak,"Cisarua,    Bogor",Rp 5.000.000
1173,Nijaal Private Villa,"Cisarua,    Bogor",Rp 14.550.000
1174,Wisma Binawarga,"Cisarua,    Bogor",Rp 199.000
1175,Villa Rumah Jiddah,"Cisarua,    Bogor",Rp 582.000
1176,Kampung Wisata Cinangneng,"Ciampea,    Bogor",Rp 472.289
1177,Kirana Guest House Bogor,"Bogor Tengah,    Bogor",Rp 1.700.000
1178,none,none,none
1179,none,none,none
1180,none,none,none
1181,none,none,none
1182,none,none,none
1183,none,none,none
1184,none,none,none
1185,none,none,none
1186,none,none,none
1187,none,none,none
1188,none,none,none
1189,none,none,none
1190,none,none,none
1191,none,none,none
1192,none,none,none
1193,none,none,none
1194,none,none,none
1195,none,none,none
1196,none,none,none
1197,none,none,none
1198,none,none,none
1199,none,none,none
1200,none,none,none
1201,none,none,none
1202,none,none,none
1203,none,none,none
1204,none,none,none
1205,none,none,none
1206,none,none,none
1207,none,none,none
1208,none,none,none
1209,none,none,none
1210,none,none,none
1211,none,none,none
1212,none,none,none
1213,none,none,none
1214,none,none,none
1215,none,none,none
1216,none,none,none
1217,none,none,none
1218,none,none,none
1219,none,none,none
1220,none,none,none
1221,none,none,none
1222,none,none,none
1223,none,none,none
1224,none,none,none
1225,none,none,none
1226,none,none,none
1227,none,none,none
1228,none,none,none
1229,none,none,none
1230,none,none,none
1231,none,none,none
1232,none,none,none
1233,none,none,none
1234,none,none,none
1235,none,none,none
1236,none,none,none
1237,none,none,none
1238,none,none,none
1239,none,none,none
1240,none,none,none
1241,none,none,none
1242,none,none,none
1243,none,none,none
1244,none,none,none
1245,none,none,none
1246,none,none,none
1247,none,none,none
1248,none,none,none
1249,none,none,none
1250,none,none,none
1251,none,none,none
1252,none,none,none
1253,none,none,none
1254,none,none,none
1255,none,none,none
1256,none,none,none
1257,none,none,none
1258,none,none,none
1259,none,none,none
1260,none,none,none
1261,none,none,none
1262,none,none,none
1263,none,none,none
1264,none,none,none
1265,none,none,none
1266,none,none,none
1267,none,none,none
1268,none,none,none
1269,none,none,none
1270,none,none,none
1271,none,none,none
1272,none,none,none
1273,none,none,none
1274,none,none,none
1275,none,none,none
1276,none,none,none
1277,none,none,none
1278,none,none,none
1279,none,none,none
1280,none,none,none
1281,none,none,none
1282,none,none,none
1283,none,none,none
1284,none,none,none
1285,none,none,none
1286,none,none,none
1287,none,none,none
1288,none,none,none
1289,none,none,none
1290,none,none,none
1291,none,none,none
1292,none,none,none
1293,none,none,none
1294,none,none,none
1295,none,none,none
1296,none,none,none
1297,none,none,none
1298,none,none,none
1299,none,none,none
1300,none,none,none
1301,none,none,none
1302,none,none,none
1303,none,none,none
1304,none,none,none
1305,none,none,none
1306,none,none,none
1307,none,none,none
1308,none,none,none
1309,none,none,none
1310,none,none,none
1311,none,none,none
1312,OYO 90596 Hotel Griya Astoeti,"Cisarua,    Bogor",Rp 158.334
1313,Chevilly Resort and Camp,"Ciawi,    Bogor",Rp 573.300
1314,none,none,none
1315,none,none,none
1316,none,none,none
1317,none,none,none
1318,none,none,none
1319,none,none,none
1320,none,none,none
1321,none,none,none
1322,none,none,none
1323,none,none,none
1324,none,none,none
1325,none,none,none
1326,none,none,none
1327,none,none,none
1328,none,none,none
1329,none,none,none
1330,none,none,none
1331,none,none,none
1332,none,none,none
1333,none,none,none
1334,none,none,none
1335,none,none,none
1336,none,none,none
1337,none,none,none
1338,none,none,none
1339,none,none,none
1340,none,none,none
1341,none,none,none
1342,none,none,none
1343,none,none,none
1344,none,none,none
1345,none,none,none
1346,none,none,none
1347,none,none,none
1348,none,none,none
1349,none,none,none
1350,none,none,none
1351,none,none,none
1352,none,none,none
1353,none,none,none
1354,none,none,none
1355,none,none,none
1356,none,none,none
1357,none,none,none
1358,none,none,none
1359,none,none,none
1360,none,none,none
1361,none,none,none
1362,none,none,none
1363,none,none,none
1364,none,none,none
1365,none,none,none
1366,none,none,none
1367,none,none,none
1368,none,none,none
1369,none,none,none
1370,none,none,none
1371,none,none,none
1372,none,none,none
1373,none,none,none
1374,none,none,none
1375,none,none,none
1376,none,none,none
1377,none,none,none
1378,none,none,none
1379,none,none,none
1380,none,none,none
1381,none,none,none
1382,none,none,none
1383,none,none,none
1384,none,none,none
1385,none,none,none
1386,none,none,none
1387,none,none,none
1388,none,none,none
1389,none,none,none
1390,none,none,none
1391,none,none,none
1392,none,none,none
1393,none,none,none
1394,none,none,none
1395,none,none,none
1396,none,none,none
1397,none,none,none
1398,none,none,none
1399,none,none,none
1400,none,none,none
1401,none,none,none
1402,none,none,none
1403,none,none,none
1404,none,none,none
1405,none,none,none
1406,none,none,none
1407,none,none,none
1408,none,none,none
1409,none,none,none
1410,none,none,none
1411,none,none,none
1412,none,none,none
1413,none,none,none
1414,none,none,none
1415,none,none,none
1416,none,none,none
1417,none,none,none
1418,none,none,none
1419,none,none,none
1420,none,none,none
1421,none,none,none
1422,none,none,none
1423,none,none,none
1424,none,none,none
1425,none,none,none
1426,none,none,none
1427,none,none,none
1428,none,none,none
1429,none,none,none
1430,none,none,none
1431,none,none,none
1432,none,none,none
1433,none,none,none
1434,none,none,none
1435,none,none,none
1436,none,none,none
1437,none,none,none
1438,none,none,none
1439,none,none,none
1440,none,none,none
1441,none,none,none
1442,none,none,none
1443,none,none,none
1444,none,none,none
1445,none,none,none
1446,none,none,none
1447,none,none,none
1448,none,none,none
1449,none,none,none
1450,none,none,none
1451,none,none,none
1452,none,none,none
1453,none,none,none
1454,none,none,none
1455,none,none,none
1456,none,none,none
1457,none,none,none
1458,none,none,none
1459,none,none,none
1460,none,none,none
1461,none,none,none
1462,none,none,none
1463,none,none,none
1464,none,none,none
1465,none,none,none
1466,none,none,none
1467,none,none,none
1468,none,none,none
1469,none,none,none
1470,none,none,none
1471,none,none,none
1472,none,none,none
1473,none,none,none
1474,none,none,none
1475,none,none,none
1476,none,none,none
1477,none,none,none
1478,none,none,none
1479,none,none,none
1480,none,none,none
1481,none,none,none
1482,none,none,none
1483,none,none,none
1484,none,none,none
1485,none,none,none
1486,none,none,none
1487,none,none,none
1488,none,none,none
1489,none,none,none
1490,none,none,none
1491,none,none,none
1492,none,none,none
1493,none,none,none
1494,none,none,none
1495,none,none,none
1496,none,none,none
1497,none,none,none
1498,none,none,none
1499,none,none,none
1500,none,none,none
1501,none,none,none
1502,none,none,none
1503,none,none,none
1504,none,none,none
1505,none,none,none
1506,none,none,none
1507,none,none,none
1508,none,none,none
1509,none,none,none
1510,none,none,none
1511,none,none,none
1512,none,none,none
1513,none,none,none
1514,none,none,none
1515,none,none,none
1516,none,none,none
1517,none,none,none
1518,none,none,none
1519,none,none,none
1520,none,none,none
1521,none,none,none
1522,none,none,none
1523,none,none,none
1524,none,none,none
1525,none,none,none
1526,none,none,none
1527,none,none,none
1528,none,none,none
1529,none,none,none
1530,none,none,none
1531,none,none,none
1532,none,none,none
1533,none,none,none
1534,none,none,none
1535,none,none,none
1536,none,none,none
1537,none,none,none
1538,none,none,none
1539,none,none,none
1540,none,none,none
1541,none,none,none
1542,none,none,none
1543,none,none,none
1544,none,none,none
1545,none,none,none
1546,none,none,none
1547,none,none,none
1548,none,none,none
1549,none,none,none
1550,none,none,none
1551,none,none,none
1552,none,none,none
1553,none,none,none
1554,none,none,none
1555,none,none,none
1556,none,none,none
1557,none,none,none
1558,none,none,none
1559,none,none,none
1560,none,none,none
1561,none,none,none
1562,none,none,none
1563,none,none,none
1564,none,none,none
1565,none,none,none
1566,none,none,none
1567,none,none,none
1568,none,none,none
1569,none,none,none
1570,none,none,none
1571,none,none,none
1572,none,none,none
1573,none,none,none
1574,none,none,none
1575,none,none,none
1576,none,none,none
1577,none,none,none
1578,none,none,none
1579,none,none,none
1580,none,none,none
1581,none,none,none
1582,none,none,none
1583,none,none,none
1584,none,none,none
1585,none,none,none
1586,none,none,none
1587,none,none,none
1588,none,none,none
1589,none,none,none
1590,none,none,none
1591,none,none,none
1592,none,none,none
1593,none,none,none
1594,none,none,none
1595,none,none,none
1596,none,none,none
1597,none,none,none
1598,none,none,none
1599,none,none,none
1600,none,none,none
1601,none,none,none
1602,none,none,none
1603,none,none,none
1604,none,none,none
1605,none,none,none
1606,none,none,none
1607,none,none,none
1608,none,none,none
1609,none,none,none
1610,none,none,none
1611,none,none,none
1612,none,none,none
1613,none,none,none
1614,none,none,none
1615,none,none,none
1616,none,none,none
1617,none,none,none
1618,none,none,none
1619,none,none,none
1620,none,none,none
1621,none,none,none
1622,none,none,none
1623,none,none,none
1624,none,none,none
1625,none,none,none
1626,none,none,none
1627,none,none,none
1628,none,none,none
1629,none,none,none
1630,none,none,none
1631,none,none,none
1632,none,none,none
1633,none,none,none
1634,none,none,none
1635,none,none,none
1636,none,none,none
1637,none,none,none
1638,none,none,none
1639,none,none,none
1640,none,none,none
1641,none,none,none
1642,none,none,none
1643,none,none,none
1644,none,none,none
1645,none,none,none
1646,none,none,none
1647,none,none,none
1648,none,none,none
1649,none,none,none
1650,none,none,none
1651,none,none,none
1652,none,none,none
1653,none,none,none
1654,none,none,none
1655,none,none,none
1656,none,none,none
1657,none,none,none
1658,none,none,none
1659,none,none,none
1660,none,none,none
1661,none,none,none
1662,none,none,none
1663,none,none,none
1664,none,none,none
1665,none,none,none
1666,none,none,none
1667,none,none,none
1668,none,none,none
1669,none,none,none
1670,none,none,none
1671,none,none,none
1672,none,none,none
1673,none,none,none
1674,none,none,none
1675,none,none,none
1676,none,none,none
1677,none,none,none
1678,none,none,none
1679,none,none,none
1680,none,none,none
1681,none,none,none
1682,none,none,none
1683,none,none,none
1684,none,none,none
1685,none,none,none
1686,none,none,none
1687,none,none,none
1688,none,none,none
1689,none,none,none
1690,none,none,none
1691,none,none,none
1692,none,none,none
1693,none,none,none
1694,none,none,none
1695,none,none,none
1696,none,none,none
1697,none,none,none
1698,none,none,none
1699,none,none,none
1700,none,none,none
1701,none,none,none
1702,none,none,none
1703,none,none,none
1704,none,none,none
1705,none,none,none
1706,none,none,none
1707,none,none,none
1708,none,none,none
1709,none,none,none
1710,none,none,none
1711,none,none,none
1712,none,none,none
1713,none,none,none
1714,none,none,none
1715,none,none,none
1716,none,none,none
1717,none,none,none
1718,none,none,none
1719,none,none,none
1720,none,none,none
1721,none,none,none
1722,none,none,none
1723,none,none,none
1724,none,none,none
1725,none,none,none
1726,none,none,none
1727,none,none,none
1728,none,none,none
1729,none,none,none
1730,none,none,none
1731,none,none,none
1732,none,none,none
1733,none,none,none
1734,none,none,none
1735,none,none,none
1736,none,none,none
1737,none,none,none
1738,none,none,none
1739,none,none,none
1740,none,none,none
1741,none,none,none
1742,none,none,none
1743,none,none,none
1744,none,none,none
1745,none,none,none
1746,none,none,none
1747,none,none,none
1748,none,none,none
1749,none,none,none
1750,none,none,none
1751,none,none,none
1752,none,none,none
1753,none,none,none
1754,none,none,none
1755,none,none,none
1756,none,none,none
1757,none,none,none
1758,none,none,none
1759,none,none,none
1760,none,none,none
1761,none,none,none
1762,none,none,none
1763,none,none,none
1764,none,none,none
1765,none,none,none
1766,none,none,none
1767,none,none,none
1768,none,none,none
1769,none,none,none
1770,none,none,none
1771,none,none,none
1772,none,none,none
1773,none,none,none
1774,none,none,none
1775,none,none,none
1776,none,none,none
1777,none,none,none
1778,none,none,none
1779,none,none,none
1780,none,none,none
1781,none,none,none
1782,none,none,none
1783,none,none,none
1784,none,none,none
1785,none,none,none
1786,none,none,none
1787,none,none,none
1788,none,none,none
1789,none,none,none
1790,none,none,none
1791,none,none,none
1792,none,none,none
1793,none,none,none
1794,none,none,none
1795,none,none,none
1796,none,none,none
1797,none,none,none
1798,none,none,none
1799,none,none,none
1800,none,none,none
1801,none,none,none
1802,none,none,none
1803,none,none,none
1804,none,none,none
1805,none,none,none
1806,none,none,none
1807,none,none,none
1808,none,none,none
1809,none,none,none
1810,none,none,none
1811,none,none,none
1812,none,none,none
1813,none,none,none
1814,none,none,none
1815,none,none,none
1816,none,none,none
1817,none,none,none
1818,none,none,none
1819,none,none,none
1820,none,none,none
1821,none,none,none
1822,none,none,none
1823,none,none,none
1824,none,none,none
1825,none,none,none
1826,none,none,none
1827,none,none,none
1828,none,none,none
1829,none,none,none
1830,none,none,none
1831,none,none,none
1832,none,none,none
1833,none,none,none
1834,none,none,none
1835,none,none,none
1836,none,none,none
1837,none,none,none
1838,none,none,none
1839,none,none,none
1840,none,none,none
1841,none,none,none
1842,none,none,none
1843,none,none,none
1844,none,none,none
1845,none,none,none
1846,none,none,none
1847,none,none,none
1848,none,none,none
1849,none,none,none
1850,none,none,none
1851,none,none,none
1852,none,none,none
1853,none,none,none
1854,none,none,none
1855,none,none,none
1856,none,none,none
1857,none,none,none
1858,none,none,none
1859,none,none,none
1860,none,none,none
1861,none,none,none
1862,none,none,none
1863,none,none,none
1864,none,none,none
1865,none,none,none
1866,none,none,none
1867,none,none,none
1868,none,none,none
1869,none,none,none
1870,none,none,none
1871,none,none,none
1872,none,none,none
1873,none,none,none
1874,none,none,none
1875,none,none,none
1876,none,none,none
1877,none,none,none
1878,none,none,none
1879,none,none,none
1880,none,none,none
1881,none,none,none
1882,none,none,none
1883,none,none,none
1884,none,none,none
1885,none,none,none
1886,none,none,none
1887,none,none,none
1888,none,none,none
1889,none,none,none
1890,none,none,none
1891,none,none,none
1892,none,none,none
1893,none,none,none
1894,none,none,none
1895,none,none,none
1896,none,none,none
1897,none,none,none
1898,none,none,none
1899,none,none,none
1900,none,none,none
1901,none,none,none
1902,none,none,none
1903,none,none,none
1904,none,none,none
1905,none,none,none
1906,none,none,none
1907,none,none,none
1908,none,none,none
1909,none,none,none
1910,none,none,none
1911,none,none,none
1912,none,none,none
1913,none,none,none
1914,none,none,none
1915,none,none,none
1916,none,none,none
1917,none,none,none
1918,none,none,none
1919,none,none,none
1920,none,none,none
1921,none,none,none
1922,none,none,none
1923,none,none,none
1924,none,none,none
1925,none,none,none
1926,none,none,none
1927,none,none,none
1928,none,none,none
1929,none,none,none
1930,none,none,none
1931,none,none,none
1932,none,none,none
1933,none,none,none
1934,none,none,none
1935,none,none,none
1936,none,none,none
1937,none,none,none
1938,none,none,none
1939,none,none,none
1940,none,none,none
1941,none,none,none
1942,none,none,none
1943,none,none,none
1944,none,none,none
1945,none,none,none
1946,none,none,none
1947,none,none,none
1948,none,none,none
1949,none,none,none
1950,none,none,none
1951,none,none,none
1952,none,none,none
1953,none,none,none
1954,none,none,none
1955,none,none,none
1956,none,none,none
1957,none,none,none
1958,none,none,none
1959,none,none,none
1960,none,none,none
1961,none,none,none
1962,none,none,none
1963,none,none,none
1964,none,none,none
1965,none,none,none
1966,none,none,none
1967,none,none,none
1968,none,none,none
1969,none,none,none
1970,none,none,none
1971,none,none,none
1972,none,none,none
1973,none,none,none
1974,none,none,none
1975,none,none,none
1976,none,none,none
1977,none,none,none
1978,none,none,none
1979,none,none,none
1980,none,none,none
1981,none,none,none
1982,none,none,none
1983,none,none,none
1984,none,none,none
1985,none,none,none
1986,none,none,none
1987,none,none,none
1988,none,none,none
1989,none,none,none
1990,none,none,none
1991,none,none,none
1992,none,none,none
1993,none,none,none
1994,none,none,none
1995,none,none,none
1996,none,none,none
1997,none,none,none
1998,none,none,none
1999,none,none,none
2000,none,none,none
2001,none,none,none
2002,none,none,none
2003,none,none,none
2004,none,none,none
2005,none,none,none
2006,none,none,none
2007,none,none,none
2008,none,none,none
2009,none,none,none
2010,none,none,none
2011,none,none,none
2012,none,none,none
2013,none,none,none
2014,none,none,none
2015,none,none,none
2016,none,none,none
2017,none,none,none
2018,none,none,none
2019,none,none,none
2020,none,none,none
2021,none,none,none
2022,none,none,none
2023,none,none,none
2024,none,none,none
2025,none,none,none
2026,none,none,none
2027,none,none,none
2028,none,none,none
2029,none,none,none
2030,none,none,none
2031,none,none,none
2032,none,none,none
2033,none,none,none
2034,none,none,none
2035,none,none,none
2036,none,none,none
2037,none,none,none
2038,none,none,none
2039,none,none,none
2040,none,none,none
2041,none,none,none
2042,none,none,none
2043,none,none,none
2044,none,none,none
2045,none,none,none
2046,none,none,none
2047,none,none,none
2048,none,none,none
2049,none,none,none
2050,none,none,none
2051,none,none,none
2052,none,none,none
2053,none,none,none
2054,none,none,none
2055,none,none,none
2056,none,none,none
2057,none,none,none
2058,none,none,none
2059,none,none,none
2060,none,none,none
2061,none,none,none
2062,none,none,none
2063,none,none,none
2064,none,none,none
2065,none,none,none
2066,none,none,none
2067,none,none,none
2068,none,none,none
2069,none,none,none
2070,none,none,none
2071,none,none,none
2072,none,none,none
2073,none,none,none
2074,none,none,none
2075,none,none,none
2076,none,none,none
2077,none,none,none
2078,none,none,none
2079,none,none,none
2080,none,none,none
2081,none,none,none
2082,none,none,none
2083,none,none,none
2084,none,none,none
2085,none,none,none
2086,none,none,none
2087,none,none,none
2088,none,none,none
2089,none,none,none
2090,none,none,none
2091,none,none,none
2092,none,none,none
2093,none,none,none
2094,none,none,none
2095,none,none,none
2096,none,none,none
2097,none,none,none
2098,none,none,none
2099,none,none,none
2100,none,none,none
2101,none,none,none
2102,none,none,none
2103,none,none,none
2104,none,none,none
2105,none,none,none
2106,none,none,none
2107,none,none,none
2108,none,none,none
2109,none,none,none
2110,none,none,none
2111,none,none,none
2112,none,none,none
2113,none,none,none
2114,none,none,none
2115,none,none,none
2116,none,none,none
2117,none,none,none
2118,none,none,none
2119,none,none,none
2120,none,none,none
2121,none,none,none
2122,none,none,none
2123,none,none,none
2124,none,none,none
2125,none,none,none
2126,none,none,none
2127,none,none,none
2128,none,none,none
2129,none,none,none
2130,none,none,none
2131,none,none,none
2132,none,none,none
2133,none,none,none
2134,none,none,none
2135,none,none,none
2136,none,none,none
2137,none,none,none
2138,none,none,none
2139,none,none,none
2140,none,none,none
2141,none,none,none
2142,none,none,none
2143,none,none,none
2144,none,none,none
2145,none,none,none
2146,none,none,none
2147,none,none,none
2148,none,none,none
2149,none,none,none
2150,none,none,none
2151,none,none,none
2152,none,none,none
2153,none,none,none
2154,none,none,none
2155,none,none,none
2156,none,none,none
2157,none,none,none
2158,none,none,none
2159,none,none,none
2160,none,none,none
2161,none,none,none
2162,none,none,none
2163,none,none,none
2164,none,none,none
2165,none,none,none
2166,none,none,none
2167,none,none,none
2168,none,none,none
2169,none,none,none
2170,none,none,none
2171,none,none,none
2172,none,none,none
2173,none,none,none
2174,none,none,none
2175,none,none,none
2176,none,none,none
2177,none,none,none
2178,none,none,none
2179,none,none,none
2180,none,none,none
2181,none,none,none
2182,none,none,none
2183,none,none,none
2184,none,none,none
2185,none,none,none
2186,none,none,none
2187,none,none,none
2188,none,none,none
2189,none,none,none
2190,none,none,none
2191,none,none,none
2192,none,none,none
2193,none,none,none
2194,none,none,none
2195,none,none,none
2196,none,none,none
2197,none,none,none
2198,none,none,none
2199,none,none,none
2200,none,none,none
2201,none,none,none
2202,none,none,none
2203,none,none,none
2204,none,none,none
2205,none,none,none
2206,none,none,none
2207,none,none,none
2208,none,none,none
2209,none,none,none
2210,none,none,none
2211,none,none,none
2212,none,none,none
2213,none,none,none
2214,none,none,none
2215,none,none,none
2216,none,none,none
2217,none,none,none
2218,none,none,none
2219,none,none,none
2220,none,none,none
2221,none,none,none
2222,none,none,none
2223,none,none,none
2224,none,none,none
2225,none,none,none
2226,none,none,none
2227,none,none,none
2228,none,none,none
2229,none,none,none
2230,none,none,none
2231,none,none,none
2232,none,none,none
2233,none,none,none
2234,none,none,none
2235,none,none,none
2236,none,none,none
2237,none,none,none
2238,none,none,none
2239,none,none,none
2240,none,none,none
2241,none,none,none
2242,none,none,none
2243,none,none,none
2244,none,none,none
2245,none,none,none
2246,none,none,none
2247,none,none,none
2248,none,none,none
2249,none,none,none
2250,none,none,none
2251,none,none,none
2252,none,none,none
2253,none,none,none
2254,none,none,none
2255,none,none,none
2256,none,none,none
2257,none,none,none
2258,none,none,none
2259,none,none,none
2260,none,none,none
2261,none,none,none
2262,none,none,none
2263,none,none,none
2264,none,none,none
2265,none,none,none
2266,none,none,none
2267,none,none,none
2268,none,none,none
2269,none,none,none
2270,none,none,none
2271,none,none,none
2272,none,none,none
2273,none,none,none
2274,none,none,none
2275,none,none,none
2276,none,none,none
2277,none,none,none
2278,none,none,none
2279,none,none,none
2280,none,none,none
2281,none,none,none
2282,none,none,none
2283,none,none,none
2284,none,none,none
2285,none,none,none
2286,none,none,none
2287,none,none,none
2288,none,none,none
2289,none,none,none
2290,none,none,none
2291,none,none,none
2292,none,none,none
2293,none,none,none
2294,none,none,none
2295,none,none,none
2296,none,none,none
2297,none,none,none
2298,none,none,none
2299,none,none,none
2300,none,none,none
2301,none,none,none
2302,none,none,none
2303,none,none,none
2304,none,none,none
2305,none,none,none
2306,none,none,none
2307,none,none,none
2308,none,none,none
2309,none,none,none
2310,none,none,none
2311,none,none,none
2312,none,none,none
2313,none,none,none
2314,none,none,none
2315,none,none,none
2316,none,none,none
2317,none,none,none
2318,none,none,none
2319,none,none,none
2320,none,none,none
2321,none,none,none
2322,none,none,none
2323,none,none,none
2324,none,none,none
2325,none,none,none
2326,none,none,none
2327,none,none,none
2328,none,none,none
2329,none,none,none
2330,none,none,none
2331,none,none,none
2332,none,none,none
2333,none,none,none
2334,none,none,none
2335,none,none,none
2336,none,none,none
2337,none,none,none
2338,none,none,none
2339,none,none,none
2340,none,none,none
2341,none,none,none
2342,none,none,none
2343,none,none,none
2344,none,none,none
2345,none,none,none
2346,none,none,none
2347,none,none,none
2348,none,none,none
2349,none,none,none
2350,none,none,none
2351,none,none,none
2352,none,none,none
2353,none,none,none
2354,none,none,none
2355,none,none,none
2356,none,none,none
2357,none,none,none
2358,none,none,none
2359,none,none,none
2360,none,none,none
2361,none,none,none
2362,none,none,none
2363,none,none,none
2364,none,none,none
2365,none,none,none
2366,none,none,none
2367,none,none,none
2368,none,none,none
2369,none,none,none
2370,none,none,none
2371,none,none,none
2372,none,none,none
2373,none,none,none
2374,none,none,none
2375,none,none,none
2376,none,none,none
2377,none,none,none
2378,none,none,none
2379,none,none,none
2380,none,none,none
2381,none,none,none
2382,none,none,none
2383,none,none,none
2384,none,none,none
2385,none,none,none
2386,none,none,none
2387,none,none,none
2388,none,none,none
2389,none,none,none
2390,none,none,none
2391,none,none,none
2392,none,none,none
2393,none,none,none
2394,none,none,none
2395,none,none,none
2396,none,none,none
2397,none,none,none
2398,none,none,none
2399,none,none,none
2400,none,none,none
2401,none,none,none
2402,none,none,none
2403,none,none,none
2404,none,none,none
2405,none,none,none
2406,none,none,none
2407,none,none,none
2408,none,none,none
2409,none,none,none
2410,none,none,none
2411,none,none,none
2412,none,none,none
2413,none,none,none
2414,none,none,none
2415,none,none,none
2416,none,none,none
2417,none,none,none
2418,none,none,none
2419,none,none,none
2420,none,none,none
2421,none,none,none
2422,none,none,none
2423,none,none,none
2424,none,none,none
2425,none,none,none
2426,none,none,none
2427,none,none,none
2428,none,none,none
2429,none,none,none
2430,none,none,none
2431,none,none,none
2432,none,none,none
2433,none,none,none
2434,none,none,none
2435,none,none,none
2436,none,none,none
2437,none,none,none
2438,none,none,none
2439,none,none,none
2440,none,none,none
2441,none,none,none
2442,none,none,none
2443,none,none,none
2444,none,none,none
2445,none,none,none
2446,none,none,none
2447,none,none,none
2448,none,none,none
2449,none,none,none
2450,none,none,none
2451,none,none,none
2452,none,none,none
2453,none,none,none
2454,none,none,none
2455,none,none,none
2456,none,none,none
2457,none,none,none
2458,none,none,none
2459,none,none,none
2460,none,none,none
2461,none,none,none
2462,none,none,none
2463,none,none,none
2464,none,none,none
2465,none,none,none
2466,none,none,none
2467,none,none,none
2468,none,none,none
2469,none,none,none
2470,none,none,none
2471,none,none,none
2472,none,none,none
2473,none,none,none
2474,none,none,none
2475,none,none,none
2476,none,none,none
2477,none,none,none
2478,none,none,none
2479,none,none,none
2480,none,none,none
2481,none,none,none
2482,none,none,none
2483,none,none,none
2484,none,none,none
2485,none,none,none
2486,none,none,none
2487,none,none,none
2488,none,none,none
2489,none,none,none
2490,none,none,none
2491,none,none,none
2492,none,none,none
2493,none,none,none
2494,none,none,none
2495,none,none,none
2496,none,none,none
2497,none,none,none
2498,none,none,none
2499,none,none,none
2500,none,none,none
2501,none,none,none
2502,none,none,none
2503,none,none,none
2504,none,none,none
2505,none,none,none
2506,none,none,none
2507,none,none,none
2508,none,none,none
2509,none,none,none
2510,none,none,none
2511,none,none,none
2512,none,none,none
2513,none,none,none
2514,none,none,none
2515,none,none,none
2516,none,none,none
2517,none,none,none
2518,none,none,none
2519,none,none,none
2520,none,none,none
2521,none,none,none
2522,none,none,none
2523,none,none,none
2524,none,none,none
2525,none,none,none
2526,none,none,none
2527,none,none,none
2528,none,none,none
2529,none,none,none
2530,none,none,none
2531,none,none,none
2532,none,none,none
2533,none,none,none
2534,none,none,none
2535,none,none,none
2536,none,none,none
2537,none,none,none
2538,none,none,none
2539,none,none,none
2540,none,none,none
2541,none,none,none
2542,none,none,none
2543,none,none,none
2544,none,none,none
2545,none,none,none
2546,none,none,none
2547,none,none,none
2548,none,none,none
2549,none,none,none
2550,none,none,none
2551,none,none,none
2552,none,none,none
2553,none,none,none
2554,none,none,none
2555,none,none,none
2556,none,none,none
2557,none,none,none
2558,none,none,none
2559,none,none,none
2560,none,none,none
2561,none,none,none
2562,none,none,none
2563,none,none,none
2564,none,none,none
2565,none,none,none
2566,none,none,none
2567,none,none,none
2568,none,none,none
2569,none,none,none
2570,none,none,none
2571,none,none,none
2572,none,none,none
2573,none,none,none
2574,none,none,none
2575,none,none,none
2576,none,none,none
2577,none,none,none
2578,none,none,none
2579,none,none,none
2580,none,none,none
2581,none,none,none
2582,none,none,none
2583,none,none,none
2584,none,none,none
2585,none,none,none
2586,none,none,none
2587,none,none,none
2588,none,none,none
2589,none,none,none
2590,none,none,none
2591,none,none,none
2592,none,none,none
2593,none,none,none
2594,none,none,none
2595,none,none,none
2596,none,none,none
2597,none,none,none
2598,none,none,none
2599,none,none,none
2600,none,none,none
2601,none,none,none
2602,none,none,none
2603,none,none,none
2604,none,none,none
2605,none,none,none
2606,none,none,none
2607,none,none,none
2608,none,none,none
2609,none,none,none
2610,none,none,none
2611,none,none,none
2612,none,none,none
2613,none,none,none
2614,none,none,none
2615,none,none,none
2616,none,none,none
2617,none,none,none
2618,none,none,none
2619,none,none,none
2620,none,none,none
2621,none,none,none
2622,none,none,none
2623,none,none,none
2624,none,none,none
2625,none,none,none
2626,none,none,none
2627,none,none,none
2628,none,none,none
2629,none,none,none
2630,none,none,none
2631,none,none,none
2632,none,none,none
2633,none,none,none
2634,none,none,none
2635,none,none,none
2636,none,none,none
2637,none,none,none
2638,none,none,none
2639,none,none,none
2640,none,none,none
2641,none,none,none
2642,none,none,none
2643,none,none,none
2644,none,none,none
2645,none,none,none
2646,none,none,none
2647,none,none,none
2648,none,none,none
2649,none,none,none
2650,none,none,none
2651,none,none,none
2652,none,none,none
2653,none,none,none
2654,none,none,none
2655,none,none,none
2656,none,none,none
2657,none,none,none
2658,none,none,none
2659,none,none,none
2660,none,none,none
2661,none,none,none
2662,none,none,none
2663,none,none,none
2664,none,none,none
2665,none,none,none
2666,none,none,none
2667,none,none,none
2668,none,none,none
2669,none,none,none
2670,none,none,none
2671,none,none,none
2672,none,none,none
2673,none,none,none
2674,none,none,none
2675,none,none,none
2676,none,none,none
2677,none,none,none
2678,none,none,none
2679,none,none,none
2680,none,none,none
2681,none,none,none
2682,none,none,none
2683,none,none,none
2684,none,none,none
2685,none,none,none
2686,none,none,none
2687,none,none,none
2688,none,none,none
2689,none,none,none
2690,none,none,none
2691,none,none,none
2692,none,none,none
2693,none,none,none
2694,none,none,none
2695,none,none,none
2696,none,none,none
2697,none,none,none
2698,none,none,none
2699,none,none,none
2700,none,none,none
2701,none,none,none
2702,none,none,none
2703,none,none,none
2704,none,none,none
2705,none,none,none
2706,none,none,none
2707,none,none,none
2708,none,none,none
2709,none,none,none
2710,none,none,none
2711,none,none,none
2712,none,none,none
2713,none,none,none
2714,none,none,none
2715,none,none,none
2716,none,none,none
2717,none,none,none
2718,none,none,none
2719,none,none,none
2720,none,none,none
2721,none,none,none
2722,none,none,none
2723,none,none,none
2724,none,none,none
2725,none,none,none
2726,none,none,none
2727,none,none,none
2728,none,none,none
2729,none,none,none
2730,none,none,none
2731,none,none,none
2732,none,none,none
2733,none,none,none
2734,none,none,none
2735,none,none,none
2736,none,none,none
2737,none,none,none
2738,none,none,none
2739,none,none,none
2740,none,none,none
2741,none,none,none
2742,none,none,none
2743,none,none,none
2744,none,none,none
2745,none,none,none
2746,none,none,none
2747,none,none,none
2748,none,none,none
2749,none,none,none
2750,none,none,none
2751,none,none,none
2752,none,none,none
2753,none,none,none
2754,none,none,none
2755,none,none,none
2756,none,none,none
2757,none,none,none
2758,none,none,none
2759,none,none,none
2760,none,none,none
2761,none,none,none
2762,none,none,none
2763,none,none,none
2764,none,none,none
2765,none,none,none
2766,none,none,none
2767,none,none,none
2768,none,none,none
2769,none,none,none
2770,none,none,none
2771,none,none,none
2772,none,none,none
2773,none,none,none
2774,none,none,none
2775,none,none,none
2776,none,none,none
2777,none,none,none
2778,none,none,none
2779,none,none,none
2780,none,none,none
2781,none,none,none
2782,none,none,none
2783,none,none,none
2784,none,none,none
2785,none,none,none
2786,none,none,none
2787,none,none,none
2788,none,none,none
2789,none,none,none
2790,none,none,none
2791,none,none,none
2792,none,none,none
2793,none,none,none
2794,none,none,none
2795,none,none,none
2796,none,none,none
2797,none,none,none
2798,none,none,none
2799,none,none,none
2800,none,none,none
2801,none,none,none
2802,none,none,none
2803,none,none,none
2804,none,none,none
2805,none,none,none
2806,none,none,none
2807,none,none,none
2808,none,none,none
2809,none,none,none
2810,none,none,none
2811,none,none,none
2812,none,none,none
2813,none,none,none
2814,none,none,none
2815,none,none,none
2816,none,none,none
2817,none,none,none
2818,none,none,none
2819,none,none,none
2820,none,none,none
2821,none,none,none
2822,none,none,none
2823,none,none,none
2824,none,none,none
2825,none,none,none
2826,none,none,none
2827,none,none,none
2828,none,none,none
2829,none,none,none
2830,none,none,none
2831,none,none,none
2832,none,none,none
2833,none,none,none
2834,none,none,none
2835,none,none,none
2836,none,none,none
2837,none,none,none
2838,none,none,none
2839,none,none,none
2840,none,none,none
2841,none,none,none
2842,none,none,none
2843,none,none,none
2844,none,none,none
2845,none,none,none
2846,none,none,none
2847,none,none,none
2848,none,none,none
2849,none,none,none
2850,none,none,none
2851,none,none,none
2852,none,none,none
2853,none,none,none
2854,none,none,none
2855,none,none,none
2856,none,none,none
2857,none,none,none
2858,none,none,none
2859,none,none,none
2860,none,none,none
2861,none,none,none
2862,none,none,none
2863,none,none,none
2864,none,none,none
2865,none,none,none
2866,none,none,none
2867,none,none,none
2868,none,none,none
2869,none,none,none
2870,none,none,none
2871,none,none,none
2872,none,none,none
2873,none,none,none
2874,none,none,none
2875,none,none,none
2876,none,none,none
2877,none,none,none
2878,none,none,none
2879,none,none,none
2880,none,none,none
2881,none,none,none
2882,none,none,none
2883,none,none,none
2884,none,none,none
2885,none,none,none
2886,none,none,none
2887,none,none,none
2888,none,none,none
2889,none,none,none
2890,none,none,none
2891,none,none,none
2892,none,none,none
2893,none,none,none
2894,none,none,none
2895,none,none,none
2896,none,none,none
2897,none,none,none
2898,none,none,none
2899,none,none,none
2900,none,none,none
2901,none,none,none
2902,none,none,none
2903,none,none,none
2904,none,none,none
2905,none,none,none
2906,none,none,none
2907,none,none,none
2908,none,none,none
2909,none,none,none
2910,none,none,none
2911,none,none,none
2912,none,none,none
2913,none,none,none
2914,none,none,none
2915,none,none,none
2916,none,none,none
2917,none,none,none
2918,none,none,none
2919,none,none,none
2920,none,none,none
2921,none,none,none
